[{"id_menu":"6","icon":"fa-envelope-open-text","icon2":null,"name":"Surat Keluar Tenant","link":"admin_tenant\/surat_keluar\/index","status":"1","akse":"1","sub":"1","level":"\"3\"","position":"0"},{"id_menu":"1","icon":"fa-desktop","icon2":"","name":"Dashboard","link":"home","status":"1","akse":"1","sub":"1","level":"\"1\",\"2\"","position":"1"},{"id_menu":"2","icon":"fa-cogs","icon2":"","name":"Configuration","link":"admin\/gen_modul","status":"1","akse":"1","sub":"1","level":"\"1\",\"2\"","position":"2"},{"id_menu":"4","icon":"fa-envelope-open-text","icon2":null,"name":"Surat Keluar","link":"admin\/surat_keluar\/index","status":"1","akse":"1","sub":"1","level":"\"1\",\"2\"","position":"4"},{"id_menu":"5","icon":"fa-file-signature","icon2":null,"name":"Signer","link":"admin\/signer","status":"1","akse":"1","sub":"1","level":"\"1\",\"2\"","position":"5"},{"id_menu":"8","icon":"fa-check-double","icon2":null,"name":"API Type","link":"admin\/api_type","status":"1","akse":"1","sub":"1","level":"\"1\"","position":"6"},{"id_menu":"7","icon":"fa-link","icon2":null,"name":"API URL","link":"admin\/api_url","status":"1","akse":"1","sub":"1","level":"\"1\"","position":"7"}]